Concept,Feature,WB_Label,WB_Maj,WB_Min,BR_Label,Prod_Freq,Rank_PF,Sum_PF_No_Tax,CPF,Disting,Distinct,CV_No_Tax,Intercorr_Str_Tax,Intercorr_Str_No_Tax,Feat_Length_Including_Spaces,Phon_1st,KF,ln(KF),BNC,ln(BNC),Familiarity,Length_Letters,Length_Phonemes,Length_Syllables,Bigram,Trigram,ColtheartN,Num_Feats_Tax,Num_Feats_No_Tax,Num_Disting_Feats_No_Tax,Disting_Feats_%_No_Tax,Mean_Distinct_No_Tax,Mean_CV_No_Tax,Density_No_Tax,Num_Corred_Pairs_No_Tax,%_Corred_Pairs_No_Tax,Num_Func,Num_Vis_Mot,Num_VisF&S,Num_Vis_Col,Num_Sound,Num_Taste,Num_Smell,Num_Tact,Num_Ency,Num_Tax
airplane,is_large,external_surface_property,e,se,visual-form_and_surface,8,7,1076.0,106,ND,0.009,0.007,0.0,0.0,8,E@,21,3.04,108,4.68,6.55,8,5,2,254.93,32.61,0,13,13,4,30.8,0.3,0.303,308.59,10,28,3,3,5,0,0,0,0,0,2,0
alligator,is_long,external_surface_property,e,se,visual-form_and_surface,14,4,844.0,81,ND,0.012,0.017,0.0,0.0,7,&,4,1.39,114,4.74,3.75,9,8,4,214.76,42.59,0,16,14,4,28.6,0.314,0.326,214.62,10,22,0,2,6,1,0,0,0,0,5,2
ambulance,is_large,external_surface_property,e,se,visual-form_and_surface,6,13,1076.0,106,ND,0.009,0.006,0.0,0.0,8,&,7,1.95,1846,7.52,6.45,9,9,3,287.82,135.47,0,19,17,9,52.9,0.548,0.542,26.0,2,7,7,1,4,3,1,0,0,0,1,2
anchor,is_large,external_surface_property,e,se,visual-form_and_surface,6,9,1076.0,106,ND,0.009,0.006,0.0,0.0,8,&,17,2.83,700,6.55,3.85,6,5,2,336.5,22.85,0,14,13,9,69.2,0.684,0.71,16.2,1,17,3,0,3,0,0,0,0,1,6,1
ant,is_small,external_surface_property,e,se,visual-form_and_surface,18,1,1229.0,121,ND,0.008,0.015,0.0,0.0,8,&,13,2.56,1012,6.92,7.55,3,3,1,0.0,0.0,6,12,11,2,18.2,0.311,0.296,26.83,3,8,0,2,3,2,0,0,0,0,4,1
apartment,is_small,external_surface_property,e,se,visual-form_and_surface,11,5,1229.0,121,ND,0.008,0.009,0.0,0.0,8,@,98,4.58,1948,7.57,7.8,9,8,3,593.42,309.09,0,18,17,12,70.6,0.671,0.688,101.6,4,40,1,0,8,0,0,0,0,0,8,1
apple,is_round,external_surface_property,e,se,visual-form_and_surface,8,10,823.0,76,ND,0.013,0.01,39.81,29.42,8,&,15,2.71,3512,8.16,8.3,5,3,2,564.29,54.68,2,19,17,4,23.5,0.226,0.223,396.27,21,27,2,0,4,3,0,3,0,2,3,2
apron,is_long,external_surface_property,e,se,visual-form_and_surface,5,10,844.0,81,ND,0.012,0.006,0.0,0.0,7,eI,8,2.08,573,6.35,4.75,5,5,2,161.65,10.17,0,13,13,4,30.8,0.352,0.33,26.39,2,6,8,0,4,0,0,0,0,0,1,0
ashtray,is_round,external_surface_property,e,se,visual-form_and_surface,8,8,823.0,76,ND,0.013,0.01,0.0,0.0,8,&,1,0.0,324,5.78,5.6,7,5,2,325.76,38.62,0,11,11,5,45.5,0.442,0.436,0.0,0,0,4,0,5,0,0,0,1,0,1,0
asparagus,is_long,external_surface_property,e,se,visual-form_and_surface,14,3,844.0,81,ND,0.012,0.017,0.0,0.0,7,@,1,0.0,116,4.75,5.85,9,9,4,221.07,22.18,0,9,8,0,0.0,0.129,0.113,171.4,15,54,3,0,1,1,0,1,0,0,2,1
ball,is_round,external_surface_property,e,se,visual-form_and_surface,17,2,823.0,76,ND,0.013,0.021,7.95,7.95,8,b,123,4.81,9107,9.12,8.35,4,3,1,3261.22,442.52,18,9,9,1,11.1,0.226,0.201,63.05,5,18,5,0,1,1,0,0,0,1,1,0
banjo,is_round,external_surface_property,e,se,visual-form_and_surface,8,7,823.0,76,ND,0.013,0.01,0.0,0.0,8,b,2,0.69,49,3.89,3.15,5,5,2,354.46,21.93,0,12,11,3,27.3,0.358,0.344,76.35,3,11,4,0,4,0,2,0,0,0,1,1
barn,is_large,external_surface_property,e,se,visual-form_and_surface,13,6,1076.0,106,ND,0.009,0.012,0.0,0.0,8,b,33,3.5,1600,7.38,5.6,4,3,1,1518.6,65.03,12,17,16,8,50.0,0.542,0.543,42.15,2,7,6,0,6,1,0,0,1,0,2,1
bathtub,is_large,external_surface_property,e,se,visual-form_and_surface,5,12,1076.0,106,ND,0.009,0.005,0.0,0.0,8,b,5,1.61,33,3.5,8.05,7,6,2,428.51,22.23,0,16,16,8,50.0,0.434,0.385,156.19,3,11,7,0,3,1,0,0,0,1,4,0
bayonet,is_long,external_surface_property,e,se,visual-form_and_surface,5,4,844.0,81,ND,0.012,0.006,0.0,0.0,7,b,9,2.2,161,5.08,1.75,7,6,3,244.49,30.39,1,7,6,2,33.3,0.274,0.228,36.74,2,33,1,0,1,0,0,0,0,1,3,1
bazooka,is_large,external_surface_property,e,se,visual-form_and_surface,6,9,1076.0,106,ND,0.009,0.006,0.0,0.0,8,b,1,0.0,23,3.14,2.05,7,6,3,88.36,0.84,0,11,9,0,0.0,0.119,0.088,152.89,10,28,3,0,2,0,2,0,0,0,2,2
beans,is_small,external_surface_property,e,se,visual-form_and_surface,6,9,1229.0,121,ND,0.008,0.005,0.0,0.0,8,b,14,2.64,1857,7.53,7.0,5,4,1,1913.71,331.6,9,15,12,3,25.0,0.288,0.276,142.09,9,25,3,0,2,3,0,0,0,0,4,3
bear,is_large,external_surface_property,e,se,visual-form_and_surface,23,1,1076.0,106,ND,0.009,0.021,19.51,8.84,8,b,83,4.42,7158,8.88,4.55,4,3,1,3039.46,757.07,18,19,17,1,5.9,0.113,0.114,146.84,14,12,1,1,7,3,0,0,0,0,5,2
bedroom,is_small,external_surface_property,e,se,visual-form_and_surface,5,9,1229.0,121,ND,0.008,0.004,0.0,0.0,8,b,56,4.03,5967,8.69,8.95,7,6,2,647.21,60.94,0,10,9,5,55.6,0.585,0.67,108.43,3,50,2,0,6,0,0,0,0,0,1,1
beets,is_round,external_surface_property,e,se,visual-form_and_surface,12,3,823.0,76,ND,0.013,0.015,13.4,13.4,8,b,2,0.69,133,4.89,5.5,5,4,1,963.76,44.64,4,15,13,3,23.1,0.222,0.203,149.46,10,22,4,0,2,2,0,0,0,1,4,2
bench,is_long,external_surface_property,e,se,visual-form_and_surface,11,4,844.0,81,ND,0.012,0.013,0.0,0.0,7,b,43,3.76,2605,7.87,7.6,5,4,1,1893.63,86.74,5,11,11,4,36.4,0.34,0.334,0.0,0,0,2,0,5,1,0,0,0,1,2,0
bison,is_large,external_surface_property,e,se,visual-form_and_surface,17,2,1076.0,106,ND,0.009,0.016,28.04,17.37,8,b,1,0.0,52,3.95,2.75,5,4,2,204.59,5.24,0,10,8,2,25.0,0.314,0.311,81.34,6,40,2,1,1,1,0,0,0,1,2,2
bluejay,is_small,external_surface_property,e,se,visual-form_and_surface,5,10,1229.0,121,ND,0.008,0.004,0.0,0.0,8,b,1,0.0,3,1.1,5.1,7,5,2,88.76,5.09,0,12,10,0,0.0,0.064,0.062,602.51,20,44,0,1,4,1,1,0,0,0,3,2
boat,is_small,external_surface_property,e,se,visual-form_and_surface,6,10,1229.0,121,ND,0.008,0.005,0.0,0.0,8,b,123,4.81,7391,8.91,6.55,4,3,1,5962.28,89.92,9,10,10,3,30.0,0.224,0.243,35.46,3,14,3,1,4,0,0,0,0,0,2,0
bolts,is_small,external_surface_property,e,se,visual-form_and_surface,7,8,1229.0,121,ND,0.008,0.006,0.0,0.0,8,b,11,2.4,1323,7.19,4.9,5,5,1,513.14,12.43,8,13,12,4,33.3,0.338,0.3,122.17,7,25,5,0,5,0,0,0,0,0,2,1
boots,is_long,external_surface_property,e,se,visual-form_and_surface,6,13,844.0,81,ND,0.012,0.007,0.0,0.0,7,b,33,3.5,4731,8.46,8.1,5,4,1,718.72,147.49,11,21,19,3,15.8,0.249,0.224,665.47,28,23,8,0,7,2,0,0,0,0,2,2
bowl,is_round,external_surface_property,e,se,visual-form_and_surface,19,1,823.0,76,ND,0.013,0.023,0.0,0.0,8,b,26,3.26,3165,8.06,8.5,4,3,1,1122.63,34.78,7,14,14,3,21.4,0.296,0.271,100.63,7,13,7,0,4,1,0,0,0,0,2,0
broom,is_long,external_surface_property,e,se,visual-form_and_surface,16,5,844.0,81,ND,0.012,0.019,0.0,0.0,7,b,2,0.69,391,5.97,7.65,5,4,1,867.4,108.06,4,13,13,7,53.8,0.546,0.556,55.94,3,20,5,0,6,0,0,0,0,0,2,0
bucket,is_round,external_surface_property,e,se,visual-form_and_surface,11,5,823.0,76,ND,0.013,0.013,0.0,0.0,8,b,11,2.4,1404,7.25,6.55,6,5,2,885.63,225.09,1,7,7,0,0.0,0.085,0.082,27.3,3,14,3,0,4,0,0,0,0,0,0,0
buckle,is_small,external_surface_property,e,se,visual-form_and_surface,6,6,1229.0,121,ND,0.008,0.005,0.0,0.0,8,b,7,1.95,352,5.86,7.65,6,4,2,1062.77,39.56,1,8,8,3,37.5,0.343,0.338,0.0,0,0,2,0,4,0,0,0,0,0,2,0
budgie,is_small,external_surface_property,e,se,visual-form_and_surface,9,9,1229.0,121,ND,0.008,0.007,0.0,0.0,8,b,1,0.0,143,4.96,4.4,6,4,2,149.88,27.01,0,17,15,1,6.7,0.116,0.105,586.13,24,26,0,3,3,4,4,0,0,0,1,2
buffalo,is_large,external_surface_property,e,se,visual-form_and_surface,20,2,1076.0,106,ND,0.009,0.019,28.04,17.37,8,b,17,2.83,366,5.9,3.5,7,6,3,128.94,12.82,0,15,13,2,15.4,0.194,0.182,106.27,9,16,2,2,4,1,0,0,0,1,3,2
bull,is_large,external_surface_property,e,se,visual-form_and_surface,18,3,1076.0,106,ND,0.009,0.017,10.67,0.0,8,b,16,2.77,2173,7.68,3.6,4,3,1,2254.2,233.88,15,12,9,6,66.7,0.689,0.706,0.0,0,0,1,0,2,0,0,0,0,0,6,3
bullet,is_small,external_surface_property,e,se,visual-form_and_surface,12,6,1229.0,121,ND,0.008,0.01,0.0,0.0,8,b,28,3.33,1270,7.15,3.65,6,5,2,940.43,301.08,4,14,13,7,53.8,0.448,0.416,42.84,2,13,7,1,4,0,0,0,0,0,1,1
bungalow,is_small,external_surface_property,e,se,visual-form_and_surface,15,4,1229.0,121,ND,0.008,0.012,0.0,0.0,8,b,1,0.0,754,6.63,4.3,8,7,3,222.48,7.53,0,9,8,3,37.5,0.492,0.469,208.87,6,60,2,0,6,0,0,0,0,0,0,1
bureau,is_large,external_surface_property,e,se,visual-form_and_surface,5,10,1076.0,106,ND,0.009,0.005,0.0,0.0,8,b,45,3.81,1498,7.31,5.5,6,5,2,702.25,132.2,0,12,9,1,11.1,0.242,0.224,264.44,9,32,3,0,4,0,0,0,0,1,1,3
bus,is_large,external_surface_property,e,se,visual-form_and_surface,8,10,1076.0,106,ND,0.009,0.007,0.0,0.0,8,b,40,3.69,6932,8.84,8.35,3,3,1,0.0,0.0,7,17,16,5,31.3,0.343,0.344,187.91,10,18,4,0,8,1,1,0,0,0,2,1
butterfly,is_small,external_surface_property,e,se,visual-form_and_surface,7,10,1229.0,121,ND,0.008,0.006,0.0,0.0,8,b,3,1.1,1151,7.05,6.15,9,7,3,493.13,43.13,0,15,13,5,38.5,0.399,0.411,112.32,4,14,0,2,3,2,0,0,0,0,6,2
buzzard,is_large,external_surface_property,e,se,visual-form_and_surface,8,9,1076.0,106,ND,0.009,0.007,0.0,0.0,8,b,1,0.0,236,5.46,2.2,7,5,2,194.55,55.64,0,14,11,1,9.1,0.102,0.08,372.2,10,22,0,3,5,1,0,0,0,0,2,3
cabbage,is_round,external_surface_property,e,se,visual-form_and_surface,10,7,823.0,76,ND,0.013,0.012,0.0,0.0,8,k,4,1.39,500,6.21,5.6,7,5,2,429.35,134.91,0,16,15,3,20.0,0.266,0.261,327.84,24,36,6,0,2,2,0,0,1,0,4,1
cabin,is_small,external_surface_property,e,se,visual-form_and_surface,9,6,1229.0,121,ND,0.008,0.007,0.0,0.0,8,k,30,3.4,1289,7.16,5.1,5,5,2,609.9,48.56,0,10,10,5,50.0,0.444,0.478,12.12,1,10,2,0,4,0,0,0,0,1,3,0
cage,is_small,external_surface_property,e,se,visual-form_and_surface,6,8,1229.0,121,ND,0.008,0.005,0.0,0.0,8,k,11,2.4,1346,7.2,5.65,4,3,1,847.77,75.61,13,13,13,8,61.5,0.657,0.662,7.37,1,10,6,0,6,0,0,0,0,0,1,0
calf,is_small,external_surface_property,e,se,visual-form_and_surface,11,7,1229.0,121,ND,0.008,0.009,0.0,0.0,8,k,17,2.83,1083,6.99,4.35,4,3,1,1435.68,313.85,3,14,12,5,41.7,0.409,0.404,114.8,8,38,3,2,5,0,1,0,0,0,1,2
camel,is_large,external_surface_property,e,se,visual-form_and_surface,5,12,1076.0,106,ND,0.009,0.005,10.67,0.0,8,k,2,0.69,599,6.4,2.4,5,4,2,747.25,79.42,1,15,13,7,53.8,0.53,0.562,7.22,1,7,2,2,4,2,0,0,0,0,3,2
canary,is_small,external_surface_property,e,se,visual-form_and_surface,15,5,1229.0,121,ND,0.008,0.012,0.0,0.0,8,k,1,0.0,372,5.92,3.65,6,6,3,739.32,123.94,1,15,13,0,0.0,0.105,0.105,733.94,25,32,0,3,6,1,2,0,0,0,1,2
cannon,is_large,external_surface_property,e,se,visual-form_and_surface,9,8,1076.0,106,ND,0.009,0.008,0.0,0.0,8,k,7,1.95,785,6.67,2.95,6,5,2,1014.92,256.49,3,17,16,5,31.3,0.3,0.297,118.93,9,16,2,1,5,1,2,0,0,1,4,1
cantaloupe,is_round,external_surface_property,e,se,visual-form_and_surface,17,3,823.0,76,ND,0.013,0.021,48.39,38.0,8,k,1,0.0,4,1.39,6.3,10,8,3,104.77,0.0,0,14,12,2,16.7,0.234,0.234,548.91,31,69,0,0,3,2,0,2,0,2,3,2
cape,is_long,external_surface_property,e,se,visual-form_and_surface,14,2,844.0,81,ND,0.012,0.017,0.0,0.0,7,k,24,3.18,1045,6.95,4.05,4,3,1,873.87,45.11,14,12,11,7,63.6,0.623,0.602,0.0,0,0,4,1,2,1,0,0,0,0,3,1
caribou,is_large,external_surface_property,e,se,visual-form_and_surface,14,3,1076.0,106,ND,0.009,0.013,19.51,8.84,8,k,1,0.0,57,4.04,3.6,7,6,3,595.67,98.53,0,18,15,2,13.3,0.224,0.215,342.19,19,24,2,2,6,1,0,0,0,0,4,3
carrot,is_long,external_surface_property,e,se,visual-form_and_surface,8,11,844.0,81,ND,0.012,0.009,0.0,0.0,7,k,5,1.61,872,6.77,7.6,6,5,2,768.79,117.43,1,18,16,6,37.5,0.369,0.389,275.2,15,33,4,0,4,2,0,0,0,1,5,2
cart,is_large,external_surface_property,e,se,visual-form_and_surface,5,11,1076.0,106,ND,0.009,0.005,0.0,0.0,8,k,10,2.3,1272,7.15,5.7,4,3,1,1686.33,416.39,14,11,11,1,9.1,0.233,0.222,392.6,16,36,5,0,6,0,0,0,0,0,0,0
catapult,is_large,external_surface_property,e,se,visual-form_and_surface,6,6,1076.0,106,ND,0.009,0.006,0.0,0.0,8,k,1,0.0,189,5.24,2.15,8,8,3,235.6,15.17,0,9,8,3,37.5,0.31,0.294,0.0,0,0,4,0,3,0,0,0,0,0,1,1
cathedral,is_large,external_surface_property,e,se,visual-form_and_surface,17,2,1076.0,106,ND,0.009,0.016,0.0,0.0,8,k,11,2.4,2723,7.91,4.7,9,8,3,263.93,35.48,0,13,11,3,27.3,0.399,0.38,637.9,10,36,5,0,4,0,0,0,0,0,2,2
celery,is_long,external_surface_property,e,se,visual-form_and_surface,7,10,844.0,81,ND,0.012,0.008,0.0,0.0,7,s,4,1.39,196,5.28,7.55,6,6,3,558.12,22.93,0,15,14,4,28.6,0.34,0.35,300.62,20,44,2,0,4,1,0,2,0,1,4,1
cello,is_large,external_surface_property,e,se,visual-form_and_surface,13,4,1076.0,106,ND,0.009,0.012,0.0,0.0,8,tS,1,0.0,242,5.49,2.75,5,4,2,322.77,78.83,3,9,8,3,37.5,0.43,0.414,0.0,0,0,1,0,3,0,2,0,0,0,2,1
chain,is_long,external_surface_property,e,se,visual-form_and_surface,7,9,844.0,81,ND,0.012,0.008,0.0,0.0,7,tS,60,4.09,5015,8.52,7.05,5,3,1,1160.95,474.04,1,11,10,2,20.0,0.24,0.219,18.24,2,7,2,0,4,2,0,0,0,0,2,1
chickadee,is_small,external_surface_property,e,se,visual-form_and_surface,19,2,1229.0,121,ND,0.008,0.015,0.0,0.0,8,tS,1,0.0,4,1.39,3.8,9,6,3,133.44,16.29,0,15,12,0,0.0,0.047,0.045,609.85,20,30,0,1,5,3,2,0,0,0,1,3
chipmunk,is_small,external_surface_property,e,se,visual-form_and_surface,14,1,1229.0,121,ND,0.008,0.011,0.0,0.0,8,tS,1,0.0,26,3.26,6.0,8,7,2,317.21,118.84,0,14,12,2,16.7,0.203,0.195,100.55,5,11,0,3,3,2,0,0,0,1,3,2
church,is_large,external_surface_property,e,se,visual-form_and_surface,5,13,1076.0,106,ND,0.009,0.005,0.0,0.0,8,tS,144,4.97,24058,10.09,6.1,6,3,1,639.45,196.06,0,15,14,8,57.1,0.542,0.549,657.66,10,67,4,0,4,0,0,0,0,0,6,1
cigarette,is_round,external_surface_property,e,se,visual-form_and_surface,5,11,823.0,76,ND,0.013,0.006,0.0,0.0,8,s,37,3.61,3614,8.19,5.2,9,7,3,197.15,54.61,0,13,13,9,69.2,0.61,0.591,36.13,1,17,1,0,3,1,0,0,1,0,7,0
clarinet,is_long,external_surface_property,e,se,visual-form_and_surface,8,7,844.0,81,ND,0.012,0.009,0.0,0.0,7,k,1,0.0,294,5.68,3.6,8,8,3,522.52,89.47,0,13,12,3,25.0,0.224,0.219,162.24,7,19,4,0,5,1,2,0,0,0,0,1
cloak,is_long,external_surface_property,e,se,visual-form_and_surface,12,1,844.0,81,ND,0.012,0.014,0.0,0.0,7,k,3,1.1,873,6.77,3.3,5,4,1,732.37,121.08,2,8,5,1,20.0,0.171,0.172,24.26,1,17,1,0,2,1,0,0,0,1,0,3
clock,is_round,external_surface_property,e,se,visual-form_and_surface,9,8,823.0,76,ND,0.013,0.011,0.0,0.0,8,k,28,3.33,3404,8.13,8.6,5,4,1,973.91,213.38,7,14,12,8,66.7,0.7,0.716,13.33,1,17,3,0,5,0,1,0,0,0,3,2
closet,is_small,external_surface_property,e,se,visual-form_and_surface,10,7,1229.0,121,ND,0.008,0.008,0.0,0.0,8,k,12,2.48,260,5.56,8.7,6,6,2,777.48,169.04,3,13,12,5,41.7,0.507,0.502,193.98,7,33,3,0,6,0,0,0,0,0,3,1
coat,is_long,external_surface_property,e,se,visual-form_and_surface,7,8,844.0,81,ND,0.012,0.008,0.0,0.0,7,k,53,3.97,4403,8.39,8.35,4,3,1,5908.93,109.3,9,19,18,1,5.6,0.165,0.137,591.03,32,24,4,0,11,1,0,0,0,1,1,1
coconut,is_round,external_surface_property,e,se,visual-form_and_surface,5,21,823.0,76,ND,0.013,0.006,19.82,9.43,8,k,10,2.3,373,5.92,5.35,7,7,3,701.54,12.77,0,21,20,3,15.0,0.253,0.271,582.8,27,20,2,0,6,4,0,2,0,2,4,1
cottage,is_small,external_surface_property,e,se,visual-form_and_surface,19,1,1229.0,121,ND,0.008,0.015,0.0,0.0,8,k,25,3.22,4034,8.3,6.35,7,5,2,1128.17,157.48,0,13,12,4,33.3,0.419,0.365,84.34,5,18,2,0,5,0,0,0,0,0,5,1
couch,is_large,external_surface_property,e,se,visual-form_and_surface,5,14,1076.0,106,ND,0.009,0.005,0.0,0.0,8,k,13,2.56,574,6.35,8.05,5,3,1,3910.02,776.27,6,20,19,6,31.6,0.319,0.313,527.36,18,23,6,0,7,0,0,0,0,3,3,1
cougar,is_large,external_surface_property,e,se,visual-form_and_surface,5,15,1076.0,106,ND,0.009,0.005,10.67,0.0,8,k,1,0.0,14,2.64,2.2,6,4,2,896.05,267.21,0,23,18,2,11.1,0.171,0.148,200.97,17,14,0,3,7,1,0,0,0,0,7,5
cow,is_large,external_surface_property,e,se,visual-form_and_surface,16,5,1076.0,106,ND,0.009,0.015,10.67,0.0,8,k,45,3.81,2611,7.87,5.4,3,2,1,0.0,0.0,23,22,20,6,30.0,0.259,0.264,212.46,15,16,3,4,5,3,1,0,1,0,3,2
crab,is_small,external_surface_property,e,se,visual-form_and_surface,6,12,1229.0,121,ND,0.008,0.005,0.0,0.0,8,k,2,0.69,565,6.34,4.2,4,4,1,106.15,19.02,6,16,13,3,23.1,0.308,0.316,113.65,9,20,1,1,5,1,0,1,0,1,3,3
cranberry,is_small,external_surface_property,e,se,visual-form_and_surface,8,10,1229.0,121,ND,0.008,0.007,0.0,0.0,8,k,1,0.0,121,4.8,4.05,9,8,3,227.15,17.04,0,14,12,3,25.0,0.32,0.291,164.3,11,31,2,0,2,1,0,3,0,0,4,2
crane,is_large,external_surface_property,e,se,visual-form_and_surface,18,2,1076.0,106,ND,0.009,0.017,0.0,0.0,8,k,6,1.79,835,6.73,3.7,5,4,1,891.46,114.36,5,11,10,3,30.0,0.372,0.373,26.68,3,14,4,0,2,1,0,0,0,1,2,1
crow,is_large,external_surface_property,e,se,visual-form_and_surface,7,7,1076.0,106,ND,0.009,0.007,0.0,0.0,8,k,3,1.1,533,6.28,5.0,4,3,1,2164.56,69.47,6,13,11,2,18.2,0.162,0.158,360.89,9,25,0,2,4,1,3,0,0,0,1,2
crowbar,is_long,external_surface_property,e,se,visual-form_and_surface,9,4,844.0,81,ND,0.012,0.011,0.0,0.0,7,k,1,0.0,61,4.11,4.0,7,6,2,574.85,55.61,0,12,10,5,50.0,0.362,0.361,0.0,0,0,5,0,2,1,0,0,0,2,0,2
crown,is_round,external_surface_property,e,se,visual-form_and_surface,10,7,823.0,76,ND,0.013,0.012,0.0,0.0,8,k,19,2.94,5492,8.61,2.95,5,4,1,972.2,339.18,7,14,14,9,64.3,0.672,0.669,100.97,3,30,4,0,4,0,0,0,0,1,5,0
cucumber,is_long,external_surface_property,e,se,visual-form_and_surface,15,5,844.0,81,ND,0.012,0.018,0.0,0.0,7,k,1,0.0,252,5.53,7.1,8,9,3,472.34,92.43,0,16,15,4,26.7,0.295,0.288,261.92,15,27,3,0,5,3,0,0,0,2,2,1
curtains,is_long,external_surface_property,e,se,visual-form_and_surface,5,13,844.0,81,ND,0.012,0.006,0.0,0.0,7,k,21,3.04,3412,8.14,8.4,8,5,2,1057.34,66.57,0,13,13,6,46.2,0.349,0.345,346.47,11,52,8,0,2,1,0,0,0,0,2,0
dagger,is_small,external_surface_property,e,se,visual-form_and_surface,9,7,1229.0,121,ND,0.008,0.007,0.0,0.0,8,d,1,0.0,433,6.07,3.0,6,5,2,1643.9,177.13,2,14,12,3,25.0,0.253,0.256,189.63,9,25,4,0,6,0,0,0,0,1,1,2
dish,is_round,external_surface_property,e,se,visual-form_and_surface,11,3,823.0,76,ND,0.013,0.013,0.0,0.0,8,d,37,3.61,3043,8.02,8.8,4,3,1,595.11,176.78,5,10,10,1,10.0,0.124,0.139,82.85,5,14,3,0,4,1,0,0,0,0,2,0
doorknob,is_round,external_surface_property,e,se,visual-form_and_surface,11,4,823.0,76,ND,0.013,0.013,0.0,0.0,8,d,3,1.1,40,3.69,8.85,8,5,2,81.34,5.4,0,9,9,3,33.3,0.441,0.432,8.75,1,7,3,0,4,0,0,0,0,1,1,0
drain,is_round,external_surface_property,e,se,visual-form_and_surface,5,8,823.0,76,ND,0.013,0.006,0.0,0.0,8,d,23,3.14,1620,7.39,7.7,5,4,1,1132.34,483.42,4,9,9,6,66.7,0.617,0.64,0.0,0,0,3,0,2,0,0,0,0,0,4,0
drapes,is_long,external_surface_property,e,se,visual-form_and_surface,8,11,844.0,81,ND,0.012,0.009,0.0,0.0,7,d,1,0.0,125,4.83,7.7,6,5,1,931.81,44.84,3,18,17,8,47.1,0.402,0.416,346.47,11,31,11,0,2,1,0,0,0,1,2,1
dress,is_long,external_surface_property,e,se,visual-form_and_surface,10,3,844.0,81,ND,0.012,0.012,0.0,0.0,7,d,77,4.34,5907,8.68,7.85,5,4,1,1317.71,254.38,5,13,12,3,25.0,0.272,0.266,128.63,9,25,2,0,4,1,0,0,0,0,5,1
drum,is_round,external_surface_property,e,se,visual-form_and_surface,9,5,823.0,76,ND,0.013,0.011,0.0,0.0,8,d,26,3.26,1650,7.41,5.2,4,4,1,100.97,18.52,2,13,12,5,41.7,0.476,0.474,47.92,3,14,3,0,3,0,5,0,0,0,1,1
eagle,is_large,external_surface_property,e,se,visual-form_and_surface,10,8,1076.0,106,ND,0.009,0.009,8.53,8.53,8,i:,11,2.4,1793,7.49,3.6,5,3,2,650.78,23.17,0,17,14,3,21.4,0.243,0.239,562.12,20,36,0,2,6,0,0,0,0,0,6,3
earmuffs,is_round,external_surface_property,e,se,visual-form_and_surface,7,8,823.0,76,ND,0.013,0.009,0.0,0.0,8,i:,1,0.0,4,1.39,5.25,8,6,2,141.39,16.85,0,13,13,3,23.1,0.319,0.294,118.59,10,22,5,0,2,1,0,0,0,4,1,0
eel,is_long,external_surface_property,e,se,visual-form_and_surface,17,3,844.0,81,ND,0.012,0.02,0.0,0.0,7,i:,2,0.69,355,5.87,2.55,3,2,1,0.0,0.0,1,11,10,1,10.0,0.144,0.146,108.01,4,11,1,1,2,1,0,0,0,1,4,1
elephant,is_large,external_surface_property,e,se,visual-form_and_surface,29,1,1076.0,106,ND,0.009,0.027,19.51,8.84,8,E,17,2.83,1508,7.32,3.5,8,7,3,369.51,100.69,0,17,15,4,26.7,0.291,0.314,196.87,12,22,2,2,8,1,0,0,0,0,2,2
elk,is_large,external_surface_property,e,se,visual-form_and_surface,6,9,1076.0,106,ND,0.009,0.006,19.51,8.84,8,E,2,0.69,40,3.69,2.65,3,3,1,0.0,0.0,3,16,13,1,7.7,0.155,0.131,192.64,14,21,2,2,5,1,0,0,0,1,2,3
emu,is_large,external_surface_property,e,se,visual-form_and_surface,6,7,1076.0,106,ND,0.009,0.006,0.0,0.0,8,I,1,0.0,293,5.68,3.1,3,3,2,0.0,0.0,0,12,10,2,20.0,0.229,0.218,209.48,10,36,0,0,7,0,0,0,0,0,3,2
falcon,is_large,external_surface_property,e,se,visual-form_and_surface,9,8,1076.0,106,ND,0.009,0.008,0.0,0.0,8,f,4,1.39,408,6.01,2.85,6,6,2,777.69,14.98,0,14,11,1,9.1,0.121,0.134,537.02,17,38,0,2,6,0,0,0,0,0,3,3
fawn,is_small,external_surface_property,e,se,visual-form_and_surface,9,8,1229.0,121,ND,0.008,0.007,0.0,0.0,8,f,1,0.0,145,4.98,3.8,4,3,1,1039.03,32.82,5,26,21,3,14.3,0.202,0.169,259.81,17,11,2,4,7,1,0,0,0,1,6,5
finch,is_small,external_surface_property,e,se,visual-form_and_surface,17,2,1229.0,121,ND,0.008,0.014,0.0,0.0,8,f,1,0.0,354,5.87,3.25,5,4,1,2077.23,277.85,3,10,9,0,0.0,0.04,0.037,505.99,19,53,0,2,4,1,1,0,0,0,1,1
flea,is_small,external_surface_property,e,se,visual-form_and_surface,24,1,1229.0,121,ND,0.008,0.02,0.0,0.0,8,f,2,0.69,331,5.8,4.35,4,3,1,273.14,29.33,5,17,15,8,53.3,0.601,0.613,35.23,3,14,0,3,1,1,0,0,0,0,10,2
football,is_round,external_surface_property,e,se,visual-form_and_surface,5,12,823.0,76,ND,0.013,0.006,7.95,7.95,8,f,37,3.61,6735,8.82,6.1,8,6,2,159.31,43.32,0,15,15,7,46.7,0.56,0.577,135.16,8,29,4,1,7,2,0,0,0,0,1,0
fox,is_small,external_surface_property,e,se,visual-form_and_surface,7,10,1229.0,121,ND,0.008,0.006,0.0,0.0,8,f,13,2.56,2741,7.92,4.7,3,4,1,0.0,0.0,8,17,14,2,14.3,0.175,0.166,209.7,16,24,1,1,6,1,0,0,0,0,5,3
garage,is_large,external_surface_property,e,se,visual-form_and_surface,8,5,1076.0,106,ND,0.009,0.007,0.0,0.0,8,g,26,3.26,2387,7.78,7.85,6,5,2,611.33,96.15,0,9,9,4,44.4,0.442,0.451,64.08,4,40,5,0,3,0,0,0,0,0,1,0
garlic,is_small,external_surface_property,e,se,visual-form_and_surface,5,17,1229.0,121,ND,0.008,0.004,0.0,0.0,8,g,4,1.39,802,6.69,7.85,6,5,2,571.8,133.71,0,21,20,14,70.0,0.56,0.581,31.75,2,13,10,0,4,1,0,2,2,0,1,1
goldfish,is_small,external_surface_property,e,se,visual-form_and_surface,15,5,1229.0,121,ND,0.008,0.012,0.0,0.0,8,g,1,0.0,365,5.9,6.4,8,7,2,203.88,26.69,0,14,11,3,27.3,0.28,0.306,404.92,10,36,0,2,4,2,0,0,0,0,3,3
goose,is_large,external_surface_property,e,se,visual-form_and_surface,7,11,1076.0,106,ND,0.009,0.007,0.0,0.0,8,g,7,1.95,889,6.79,4.9,5,3,1,1892.71,512.27,4,15,13,2,15.4,0.203,0.206,605.27,19,35,1,1,6,1,1,0,0,0,3,2
gopher,is_small,external_surface_property,e,se,visual-form_and_surface,12,5,1229.0,121,ND,0.008,0.01,0.0,0.0,8,g,1,0.0,13,2.56,2.6,6,4,2,1841.01,451.34,0,8,7,0,0.0,0.093,0.111,118.59,4,19,0,1,4,1,0,0,0,0,1,1
gown,is_long,external_surface_property,e,se,visual-form_and_surface,16,2,844.0,81,ND,0.012,0.019,0.0,0.0,7,g,18,2.89,1031,6.94,6.15,4,3,1,1544.82,729.84,4,12,10,5,50.0,0.559,0.545,41.12,3,30,2,0,2,1,0,0,0,0,5,2
grasshopper,is_small,external_surface_property,e,se,visual-form_and_surface,7,9,1229.0,121,ND,0.008,0.006,0.0,0.0,8,g,4,1.39,104,4.64,4.95,11,8,3,0.0,0.0,0,13,12,2,16.7,0.188,0.208,125.51,6,13,1,3,5,1,0,0,0,0,2,1
grater,is_small,external_surface_property,e,se,visual-form_and_surface,5,8,1229.0,121,ND,0.008,0.004,0.0,0.0,8,g,1,0.0,30,3.4,5.05,6,5,2,2348.27,465.82,4,12,11,3,27.3,0.322,0.313,58.54,1,4,5,0,4,0,0,0,0,1,1,1
groundhog,is_small,external_surface_property,e,se,visual-form_and_surface,11,4,1229.0,121,ND,0.008,0.009,0.0,0.0,8,g,1,0.0,5,1.61,3.85,9,8,2,160.91,7.82,0,14,12,6,50.0,0.495,0.484,94.08,4,27,1,2,1,1,0,0,0,1,6,2
guppy,is_small,external_surface_property,e,se,visual-form_and_surface,11,3,1229.0,121,ND,0.008,0.009,0.0,0.0,8,g,1,0.0,124,4.82,2.0,5,4,2,145.48,55.28,1,6,5,2,40.0,0.214,0.14,67.15,1,33,1,1,1,0,0,0,0,0,2,1
hamster,is_small,external_surface_property,e,se,visual-form_and_surface,24,1,1229.0,121,ND,0.008,0.02,0.0,0.0,8,h,1,0.0,159,5.07,6.1,7,7,2,1228.52,145.19,0,14,10,3,30.0,0.291,0.276,31.91,3,14,0,4,3,1,0,0,0,1,1,4
hare,is_small,external_surface_property,e,se,visual-form_and_surface,6,12,1229.0,121,ND,0.008,0.005,0.0,0.0,8,h,1,0.0,674,6.51,3.25,4,3,1,5437.33,314.77,20,18,15,2,13.3,0.166,0.171,150.23,11,14,1,4,7,2,0,0,0,0,1,3
harmonica,is_small,external_surface_property,e,se,visual-form_and_surface,7,6,1229.0,121,ND,0.008,0.006,0.0,0.0,8,h,1,0.0,49,3.89,3.65,9,8,4,257.16,15.69,1,6,5,1,20.0,0.265,0.288,11.51,1,17,2,0,2,0,1,0,0,0,0,1
harp,is_large,external_surface_property,e,se,visual-form_and_surface,12,4,1076.0,106,ND,0.009,0.011,0.0,0.0,8,h,1,0.0,310,5.74,3.05,4,3,1,2813.71,162.93,7,8,7,2,28.6,0.363,0.378,103.51,3,30,2,0,3,0,1,0,0,0,1,1
harpoon,is_long,external_surface_property,e,se,visual-form_and_surface,8,5,844.0,81,ND,0.012,0.009,0.0,0.0,7,h,1,0.0,47,3.85,2.1,7,5,2,720.84,53.59,0,11,10,3,30.0,0.289,0.25,56.53,3,20,5,0,3,0,0,0,0,1,1,1
harpsichord,is_large,external_surface_property,e,se,visual-form_and_surface,5,6,1076.0,106,ND,0.009,0.005,0.0,0.0,8,h,1,0.0,155,5.04,2.4,11,10,3,0.0,0.0,0,6,5,0,0.0,0.092,0.081,48.28,2,20,0,0,3,0,2,0,0,0,0,1
hatchet,is_small,external_surface_property,e,se,visual-form_and_surface,5,8,1229.0,121,ND,0.008,0.004,0.0,0.0,8,h,4,1.39,75,4.32,2.6,7,5,2,872.04,251.3,3,8,6,1,16.7,0.118,0.061,58.54,1,10,2,0,3,0,0,0,0,1,0,2
hawk,is_large,external_surface_property,e,se,visual-form_and_surface,15,7,1076.0,106,ND,0.009,0.014,0.0,0.0,8,h,14,2.64,572,6.35,3.5,4,3,1,2180.79,13.52,4,13,11,2,18.2,0.267,0.258,371.26,8,22,0,4,6,0,0,0,0,0,1,2
hoe,is_long,external_surface_property,e,se,visual-form_and_surface,6,13,844.0,81,ND,0.012,0.007,0.0,0.0,7,h,1,0.0,115,4.74,3.7,3,2,1,0.0,0.0,11,15,14,5,35.7,0.436,0.45,397.84,19,53,6,0,8,0,0,0,0,0,0,1
honeydew,is_round,external_surface_property,e,se,visual-form_and_surface,17,4,823.0,76,ND,0.013,0.021,48.39,38.0,8,h,1,0.0,27,3.3,4.25,8,7,3,353.46,10.87,0,14,12,2,16.7,0.213,0.21,238.91,13,29,1,0,3,2,0,2,0,1,3,2
hornet,is_large,external_surface_property,e,se,visual-form_and_surface,6,10,1076.0,106,ND,0.009,0.006,0.0,0.0,8,h,1,0.0,96,4.56,5.3,6,6,2,963.7,186.23,1,12,11,4,36.4,0.298,0.315,160.4,6,29,0,2,3,2,1,0,0,0,3,1
horse,is_large,external_surface_property,e,se,visual-form_and_surface,19,2,1076.0,106,ND,0.009,0.018,0.0,0.0,8,h,185,5.22,12660,9.45,6.3,5,3,1,2390.84,194.63,5,19,18,4,22.2,0.271,0.271,264.16,20,22,5,2,6,0,0,0,0,0,5,1
housefly,is_small,external_surface_property,e,se,visual-form_and_surface,13,5,1229.0,121,ND,0.008,0.011,0.0,0.0,8,h,1,0.0,6,1.79,6.85,8,7,2,477.41,1.03,0,15,13,2,15.4,0.198,0.216,187.63,7,13,1,3,5,1,1,0,0,0,2,2
hut,is_small,external_surface_property,e,se,visual-form_and_surface,17,2,1229.0,121,ND,0.008,0.014,0.0,0.0,8,h,19,2.94,1620,7.39,3.25,3,3,1,0.0,0.0,18,6,5,2,40.0,0.354,0.372,0.0,0,0,0,0,4,0,0,0,0,0,1,1
inn,is_small,external_surface_property,e,se,visual-form_and_surface,9,4,1229.0,121,ND,0.008,0.007,0.0,0.0,8,I,10,2.3,1877,7.54,5.55,3,2,1,0.0,0.0,2,10,8,3,37.5,0.543,0.548,69.44,4,40,2,0,3,0,0,0,0,0,3,2
jet,is_large,external_surface_property,e,se,visual-form_and_surface,11,7,1076.0,106,ND,0.009,0.01,0.0,0.0,8,dZ,33,3.5,1830,7.51,4.5,3,3,1,0.0,0.0,13,15,14,2,14.3,0.148,0.169,422.61,16,24,3,2,6,0,1,0,0,0,2,1
key,is_small,external_surface_property,e,se,visual-form_and_surface,12,4,1229.0,121,ND,0.008,0.01,0.0,0.0,8,k,122,4.8,14964,9.61,8.75,3,2,1,0.0,0.0,5,12,12,8,66.7,0.565,0.596,18.24,2,33,5,0,3,2,0,0,0,0,2,0
leopard,is_large,external_surface_property,e,se,visual-form_and_surface,6,6,1076.0,106,ND,0.009,0.006,0.0,0.0,8,l,1,0.0,335,5.81,3.35,7,5,2,385.27,67.13,0,9,6,1,16.7,0.241,0.232,6.86,1,10,0,1,3,0,0,0,0,1,1,3
lime,is_small,external_surface_property,e,se,visual-form_and_surface,7,7,1229.0,121,ND,0.008,0.006,0.0,0.0,8,l,13,2.56,706,6.56,5.35,4,3,1,4096.24,917.57,12,13,12,4,33.3,0.361,0.35,222.23,10,36,3,0,2,1,0,2,0,1,3,1
lion,is_large,external_surface_property,e,se,visual-form_and_surface,20,1,1076.0,106,ND,0.009,0.019,10.67,0.0,8,l,23,3.14,2155,7.68,4.05,4,4,2,1440.27,16.98,1,20,13,2,15.4,0.164,0.18,220.38,14,25,1,0,5,0,1,0,0,0,6,7
machete,is_long,external_surface_property,e,se,visual-form_and_surface,6,5,844.0,81,ND,0.012,0.007,0.0,0.0,7,m,1,0.0,63,4.14,2.0,7,6,3,450.76,43.02,0,8,6,0,0.0,0.04,0.029,76.22,3,20,1,0,3,0,0,0,0,1,1,2
mat,is_small,external_surface_property,e,se,visual-form_and_surface,5,9,1229.0,121,ND,0.008,0.004,0.0,0.0,8,m,7,1.95,858,6.75,6.85,3,3,1,0.0,0.0,22,13,12,7,58.3,0.553,0.523,0.0,0,0,5,0,3,0,0,0,0,0,4,1
medal,is_round,external_surface_property,e,se,visual-form_and_surface,5,12,823.0,76,ND,0.013,0.006,0.0,0.0,8,m,11,2.4,1643,7.4,5.9,5,4,2,564.4,27.71,2,14,11,6,54.5,0.591,0.589,101.71,3,30,1,0,6,0,0,0,0,0,4,3
mink,is_small,external_surface_property,e,se,visual-form_and_surface,11,4,1229.0,121,ND,0.008,0.009,0.0,0.0,8,m,6,1.79,273,5.61,2.35,4,4,1,1282.08,283.22,13,15,13,2,15.4,0.185,0.182,64.67,7,13,3,1,5,1,0,0,0,2,1,2
minnow,is_small,external_surface_property,e,se,visual-form_and_surface,22,1,1229.0,121,ND,0.008,0.018,0.0,0.0,8,m,1,0.0,107,4.67,3.55,6,5,2,557.98,126.12,0,13,10,4,40.0,0.378,0.389,303.23,9,60,3,3,3,0,0,0,0,0,1,3
missile,is_long,external_surface_property,e,se,visual-form_and_surface,5,13,844.0,81,ND,0.012,0.006,0.0,0.0,7,m,80,4.38,1902,7.55,2.6,7,5,2,743.36,148.26,1,17,15,4,26.7,0.352,0.329,182.65,10,18,5,2,3,0,1,0,0,0,4,2
mole,is_small,external_surface_property,e,se,visual-form_and_surface,17,2,1229.0,121,ND,0.008,0.014,0.0,0.0,8,m,4,1.39,898,6.8,2.55,4,3,1,2109.31,110.72,14,14,12,3,25.0,0.245,0.245,85.29,3,8,0,2,6,1,0,0,0,1,2,2
moose,is_large,external_surface_property,e,se,visual-form_and_surface,27,1,1076.0,106,ND,0.009,0.025,19.51,8.84,8,m,1,0.0,98,4.58,3.35,5,3,1,1939.63,499.25,4,15,12,0,0.0,0.096,0.099,331.61,19,29,2,0,7,1,0,0,0,0,2,3
moth,is_small,external_surface_property,e,se,visual-form_and_surface,6,6,1229.0,121,ND,0.008,0.005,0.0,0.0,8,m,3,1.1,540,6.29,5.65,4,3,1,4173.43,309.83,5,8,7,2,28.6,0.307,0.303,84.35,1,10,0,2,2,2,0,0,0,0,1,1
mug,is_large,external_surface_property,e,se,visual-form_and_surface,8,8,1076.0,106,ND,0.009,0.007,0.0,0.0,8,m,3,1.1,1078,6.98,8.6,3,3,1,0.0,0.0,13,14,12,4,33.3,0.371,0.349,211.96,8,29,7,0,5,0,0,0,0,0,0,2
mushroom,is_small,external_surface_property,e,se,visual-form_and_surface,5,14,1229.0,121,ND,0.008,0.004,0.0,0.0,8,m,4,1.39,901,6.8,7.2,8,6,2,126.12,31.21,0,16,14,3,21.4,0.291,0.291,68.68,5,9,5,0,3,2,0,0,0,0,4,2
necklace,is_long,external_surface_property,e,se,visual-form_and_surface,9,7,844.0,81,ND,0.012,0.011,0.0,0.0,7,n,5,1.61,404,6.0,8.0,8,6,2,359.18,12.97,0,17,15,8,53.3,0.486,0.491,167.33,8,38,3,0,8,0,0,0,0,0,4,2
nightgown,is_long,external_surface_property,e,se,visual-form_and_surface,16,2,844.0,81,ND,0.012,0.019,0.0,0.0,7,n,1,0.0,88,4.48,6.2,9,6,2,49.63,25.01,0,11,10,1,10.0,0.126,0.137,135.02,8,22,1,0,4,1,0,0,0,3,1,1
octopus,is_large,external_surface_property,e,se,visual-form_and_surface,7,7,1076.0,106,ND,0.009,0.007,0.0,0.0,8,O,1,0.0,183,5.21,2.1,7,7,3,129.65,2.62,0,13,11,4,36.4,0.321,0.31,144.49,6,29,1,2,4,0,0,0,0,0,4,2
olive,is_small,external_surface_property,e,se,visual-form_and_surface,6,11,1229.0,121,ND,0.008,0.005,0.0,0.0,8,O,6,1.79,1174,7.07,5.7,5,4,2,423.24,87.09,1,17,14,3,21.4,0.286,0.284,93.98,6,11,6,0,3,3,0,1,0,0,1,3
onions,is_round,external_surface_property,e,se,visual-form_and_surface,7,9,823.0,76,ND,0.013,0.009,0.0,0.0,8,V,19,2.94,1236,7.12,7.4,6,6,2,394.89,78.28,1,16,14,7,50.0,0.388,0.361,25.8,2,10,3,0,4,3,0,1,1,0,2,2
orange,is_round,external_surface_property,e,se,visual-form_and_surface,15,4,823.0,76,ND,0.013,0.018,39.81,29.42,8,O,29,3.37,3081,8.03,8.2,6,5,2,677.64,208.91,1,16,14,1,7.1,0.181,0.212,1296.22,51,65,1,0,6,1,0,1,0,1,4,2
ostrich,is_large,external_surface_property,e,se,visual-form_and_surface,13,9,1076.0,106,ND,0.009,0.012,0.0,0.0,8,O,1,0.0,168,5.12,2.55,7,6,2,273.98,5.54,0,19,18,3,16.7,0.263,0.282,616.89,27,26,0,3,8,0,0,0,0,0,7,1
ox,is_large,external_surface_property,e,se,visual-form_and_surface,18,2,1076.0,106,ND,0.009,0.017,10.67,0.0,8,O,15,2.71,336,5.82,2.3,2,3,1,0.0,0.0,9,11,9,2,22.2,0.17,0.144,26.31,3,14,1,1,3,1,0,0,0,1,2,2
paintbrush,is_long,external_surface_property,e,se,visual-form_and_surface,6,6,844.0,81,ND,0.012,0.007,0.0,0.0,7,p,1,0.0,73,4.29,6.85,10,8,2,81.15,0.0,0,6,6,1,16.7,0.156,0.207,9.48,1,10,1,0,5,0,0,0,0,0,0,0
pan,is_round,external_surface_property,e,se,visual-form_and_surface,8,5,823.0,76,ND,0.013,0.01,0.0,0.0,8,p,19,2.94,2211,7.7,6.7,3,3,1,0.0,0.0,19,12,12,5,41.7,0.422,0.406,46.61,3,14,3,0,6,0,0,0,0,0,3,0
pants,is_long,external_surface_property,e,se,visual-form_and_surface,6,17,844.0,81,ND,0.012,0.007,0.0,0.0,7,p,9,2.2,573,6.35,8.95,5,5,1,816.87,125.38,7,21,18,4,22.2,0.276,0.29,880.64,33,36,5,0,11,1,0,0,0,0,1,3
parakeet,is_small,external_surface_property,e,se,visual-form_and_surface,5,16,1229.0,121,ND,0.008,0.004,0.0,0.0,8,p,1,0.0,40,3.69,2.95,8,7,3,287.71,33.56,0,16,14,1,7.1,0.135,0.131,758.74,27,35,0,3,4,1,4,0,0,0,2,2
parka,is_large,external_surface_property,e,se,visual-form_and_surface,7,4,1076.0,106,ND,0.009,0.007,0.0,0.0,8,p,1,0.0,45,3.81,4.6,5,4,2,766.62,184.65,1,10,8,3,37.5,0.5,0.497,105.8,4,40,2,0,4,0,0,0,0,1,1,2
peach,is_round,external_surface_property,e,se,visual-form_and_surface,10,7,823.0,76,ND,0.013,0.012,41.8,31.41,8,p,4,1.39,776,6.65,7.05,5,3,1,2529.48,221.63,7,15,14,3,21.4,0.267,0.268,568.34,27,49,1,0,4,1,0,2,0,4,2,1
peacock,is_large,external_surface_property,e,se,visual-form_and_surface,6,12,1076.0,106,ND,0.009,0.006,0.0,0.0,8,p,6,1.79,578,6.36,3.85,7,5,2,620.58,69.42,0,16,14,2,14.3,0.2,0.194,297.09,10,15,0,2,5,3,0,0,0,0,4,2
pelican,is_large,external_surface_property,e,se,visual-form_and_surface,14,5,1076.0,106,ND,0.009,0.013,0.0,0.0,8,p,1,0.0,145,4.98,2.85,7,7,3,538.99,130.34,0,15,13,3,23.1,0.209,0.213,491.37,16,36,0,3,6,1,0,0,0,0,3,2
penguin,is_small,external_surface_property,e,se,visual-form_and_surface,7,15,1229.0,121,ND,0.008,0.006,0.0,0.0,8,p,1,0.0,600,6.4,2.8,7,7,2,538.53,25.81,0,18,16,5,31.3,0.263,0.3,232.14,14,25,0,3,5,2,0,0,0,0,6,2
perch,is_small,external_surface_property,e,se,visual-form_and_surface,9,9,1229.0,121,ND,0.008,0.007,0.0,0.0,8,p,1,0.0,302,5.71,4.0,5,3,1,1344.62,45.01,2,15,13,0,0.0,0.072,0.08,652.54,21,27,2,1,5,0,0,1,0,1,3,2
piano,is_large,external_surface_property,e,se,visual-form_and_surface,6,10,1076.0,106,ND,0.009,0.006,0.0,0.0,8,p,39,3.66,2112,7.66,5.95,5,5,3,401.59,38.02,0,13,11,2,18.2,0.271,0.276,162.31,8,22,1,0,6,2,1,0,0,0,1,2
pickle,is_round,external_surface_property,e,se,visual-form_and_surface,10,6,823.0,76,ND,0.013,0.012,29.42,29.42,8,p,2,0.69,284,5.65,7.35,6,4,2,1086.68,96.43,3,18,16,6,37.5,0.386,0.37,233.25,15,33,2,0,2,1,0,5,0,2,4,2
pie,is_round,external_surface_property,e,se,visual-form_and_surface,15,3,823.0,76,ND,0.013,0.018,0.0,0.0,8,p,19,2.94,1610,7.38,7.35,3,2,1,0.0,0.0,11,13,10,4,40.0,0.339,0.346,77.59,4,27,3,0,3,0,0,2,0,0,2,3
pier,is_large,external_surface_property,e,se,visual-form_and_surface,5,8,1076.0,106,ND,0.009,0.005,0.0,0.0,8,p,9,2.2,1129,7.03,5.25,4,3,1,917.02,9.8,5,11,11,8,72.7,0.702,0.696,0.0,0,0,4,0,3,0,0,0,0,0,4,0
pistol,is_small,external_surface_property,e,se,visual-form_and_surface,11,7,1229.0,121,ND,0.008,0.009,0.0,0.0,8,p,4,1.39,951,6.86,3.0,6,5,2,577.48,69.53,1,19,17,3,17.6,0.252,0.267,947.4,36,40,7,1,3,0,2,0,0,1,3,2
pony,is_small,external_surface_property,e,se,visual-form_and_surface,13,2,1229.0,121,ND,0.008,0.011,0.0,0.0,8,p,16,2.77,1114,7.02,4.7,4,4,2,1174.63,19.27,7,18,15,3,20.0,0.27,0.257,234.87,17,26,3,2,9,0,0,0,0,0,1,3
porcupine,is_small,external_surface_property,e,se,visual-form_and_surface,12,3,1229.0,121,ND,0.008,0.01,0.0,0.0,8,p,1,0.0,72,4.28,3.2,9,8,3,661.25,21.35,0,10,8,2,25.0,0.291,0.276,8.5,1,7,0,2,3,1,0,0,0,0,2,2
pot,is_round,external_surface_property,e,se,visual-form_and_surface,7,7,823.0,76,ND,0.013,0.009,0.0,0.0,8,p,28,3.33,3116,8.04,7.45,3,3,1,0.0,0.0,17,10,9,0,0.0,0.077,0.074,91.21,4,11,1,0,6,0,0,0,0,0,2,1
prune,is_small,external_surface_property,e,se,visual-form_and_surface,9,7,1229.0,121,ND,0.008,0.007,0.0,0.0,8,p,1,0.0,205,5.32,5.15,5,4,1,880.9,23.86,2,18,17,7,41.2,0.413,0.384,406.15,20,44,4,0,6,2,0,1,0,1,3,1
rabbit,is_small,external_surface_property,e,se,visual-form_and_surface,6,8,1229.0,121,ND,0.008,0.005,0.0,0.0,8,r,16,2.77,2486,7.82,6.05,6,5,2,344.26,17.13,1,14,12,2,16.7,0.198,0.182,44.06,4,9,2,2,6,0,0,0,0,1,1,2
raccoon,is_small,external_surface_property,e,se,visual-form_and_surface,7,9,1229.0,121,ND,0.008,0.006,0.0,0.0,8,r,1,0.0,13,2.56,5.1,7,5,2,337.53,5.09,0,12,11,1,9.1,0.202,0.202,82.17,6,13,0,1,5,2,0,0,0,1,2,1
racquet,is_round,external_surface_property,e,se,visual-form_and_surface,6,10,823.0,76,ND,0.013,0.007,0.0,0.0,8,r,1,0.0,77,4.34,5.75,7,5,2,159.92,10.86,0,13,12,6,50.0,0.526,0.527,0.0,0,0,6,0,6,0,0,0,0,0,0,1
raisin,is_small,external_surface_property,e,se,visual-form_and_surface,20,2,1229.0,121,ND,0.008,0.016,0.0,0.0,8,r,1,0.0,173,5.15,6.55,6,4,2,503.73,73.35,0,14,13,7,53.8,0.472,0.476,0.0,0,0,3,0,3,3,0,1,0,0,3,1
rake,is_long,external_surface_property,e,se,visual-form_and_surface,7,8,844.0,81,ND,0.012,0.008,0.0,0.0,7,r,11,2.4,353,5.87,5.8,4,3,1,2111.24,910.05,15,15,14,6,42.9,0.422,0.372,74.82,4,14,3,0,7,0,0,0,0,0,4,1
raspberry,is_small,external_surface_property,e,se,visual-form_and_surface,7,8,1229.0,121,ND,0.008,0.006,0.0,0.0,8,r,1,0.0,280,5.63,6.15,9,7,3,167.94,3.24,0,11,9,1,11.1,0.173,0.167,106.59,8,29,2,0,2,1,0,3,0,0,1,2
rat,is_small,external_surface_property,e,se,visual-form_and_surface,6,15,1229.0,121,ND,0.008,0.005,0.0,0.0,8,r,9,2.2,2467,7.81,3.65,3,3,1,0.0,0.0,22,22,20,3,15.0,0.237,0.244,317.63,24,18,1,2,11,2,0,0,0,0,4,2
rattle,is_round,external_surface_property,e,se,visual-form_and_surface,5,7,823.0,76,ND,0.013,0.006,0.0,0.0,8,r,6,1.79,441,6.09,5.0,6,4,2,2209.54,893.68,2,9,8,3,37.5,0.344,0.397,0.0,0,0,1,0,4,1,1,0,0,0,1,1
rattlesnake,is_long,external_surface_property,e,se,visual-form_and_surface,19,1,844.0,81,ND,0.012,0.023,8.74,8.74,7,r,8,2.08,56,4.03,2.7,11,8,3,0.0,0.0,0,19,17,3,17.6,0.321,0.309,245.92,16,18,0,4,7,1,1,0,0,0,4,2
raven,is_large,external_surface_property,e,se,visual-form_and_surface,5,11,1076.0,106,ND,0.009,0.005,0.0,0.0,8,r,1,0.0,308,5.73,3.2,5,4,2,1401.42,204.47,4,13,10,1,10.0,0.086,0.082,547.82,17,47,0,1,5,1,1,0,0,0,2,3
rhubarb,is_long,external_surface_property,e,se,visual-form_and_surface,5,10,844.0,81,ND,0.012,0.006,0.0,0.0,7,r,1,0.0,119,4.78,3.95,7,5,2,157.36,2.59,0,11,9,1,11.1,0.158,0.153,94.87,8,29,2,0,2,2,0,1,0,1,1,2
rifle,is_long,external_surface_property,e,se,visual-form_and_surface,8,12,844.0,81,ND,0.012,0.009,0.0,0.0,7,r,86,4.45,1068,6.97,3.7,5,4,2,777.56,16.42,0,18,16,2,12.5,0.196,0.209,813.96,31,34,4,1,6,0,2,0,0,1,2,2
ring,is_round,external_surface_property,e,se,visual-form_and_surface,18,2,823.0,76,ND,0.013,0.022,0.0,0.0,8,r,53,3.97,8583,9.06,8.0,4,3,1,1429.62,144.8,11,13,13,5,38.5,0.324,0.327,114.41,4,14,1,0,6,0,0,0,0,0,6,0
robe,is_long,external_surface_property,e,se,visual-form_and_surface,12,3,844.0,81,ND,0.012,0.014,0.0,0.0,7,r,10,2.3,758,6.63,7.4,4,3,1,453.06,10.67,8,16,15,6,40.0,0.408,0.401,72.86,4,11,5,0,5,1,0,0,0,3,1,1
robin,is_small,external_surface_property,e,se,visual-form_and_surface,6,15,1229.0,121,ND,0.008,0.005,0.0,0.0,8,r,2,0.69,2467,7.81,5.95,5,5,2,592.48,24.03,0,17,16,5,31.3,0.348,0.378,614.3,28,51,0,4,4,1,1,0,0,0,6,1
salamander,is_small,external_surface_property,e,se,visual-form_and_surface,14,1,1229.0,121,ND,0.008,0.011,0.0,0.0,8,s,2,0.69,79,4.37,2.45,10,10,4,85.33,0.0,0,13,9,0,0.0,0.08,0.056,82.87,5,14,1,0,5,1,0,0,0,1,1,4
sardine,is_small,external_surface_property,e,se,visual-form_and_surface,18,3,1229.0,121,ND,0.008,0.015,0.0,0.0,8,s,2,0.69,198,5.29,3.15,7,5,2,2137.42,243.5,0,11,10,2,20.0,0.183,0.203,79.74,2,7,2,1,1,0,0,2,1,1,2,1
scarf,is_long,external_surface_property,e,se,visual-form_and_surface,13,4,844.0,81,ND,0.012,0.015,0.0,0.0,7,s,4,1.39,749,6.62,7.5,5,4,1,768.79,48.13,3,12,11,0,0.0,0.139,0.145,421.91,17,31,3,0,2,2,0,0,0,1,3,1
scooter,is_small,external_surface_property,e,se,visual-form_and_surface,5,10,1229.0,121,ND,0.008,0.004,0.0,0.0,8,s,1,0.0,111,4.71,2.6,7,6,2,1115.18,127.7,2,13,12,1,8.3,0.151,0.113,255.42,14,25,3,2,6,0,0,0,0,0,1,1
screwdriver,is_long,external_surface_property,e,se,visual-form_and_surface,6,14,844.0,81,ND,0.012,0.007,0.0,0.0,7,s,1,0.0,272,5.61,6.35,11,9,3,0.0,0.0,0,20,18,11,61.1,0.539,0.543,79.85,5,24,9,0,7,0,0,0,0,0,2,2
screws,is_small,external_surface_property,e,se,visual-form_and_surface,8,10,1229.0,121,ND,0.008,0.007,0.0,0.0,8,s,31,3.43,1228,7.11,6.55,6,5,1,485.61,37.09,3,19,18,8,44.4,0.431,0.447,120.04,8,18,8,0,8,0,0,0,0,0,2,1
seal,is_large,external_surface_property,e,se,visual-form_and_surface,5,14,1076.0,106,ND,0.009,0.005,28.04,17.37,8,s,21,3.04,2025,7.61,2.9,4,3,1,2028.63,334.66,13,17,15,5,33.3,0.288,0.268,117.36,6,13,3,2,3,0,0,0,0,1,6,2
seaweed,is_long,external_surface_property,e,se,visual-form_and_surface,5,9,844.0,81,ND,0.012,0.006,0.0,0.0,7,s,3,1.1,234,5.46,4.3,7,5,2,2135.83,170.51,0,10,9,4,44.4,0.412,0.424,7.1,1,10,2,0,1,1,0,0,1,1,3,1
shack,is_small,external_surface_property,e,se,visual-form_and_surface,14,3,1229.0,121,ND,0.008,0.011,0.0,0.0,8,S,2,0.69,170,5.14,3.55,5,3,1,1283.53,336.68,8,12,12,1,8.3,0.238,0.221,90.89,7,13,3,0,6,0,0,0,0,0,3,0
shed,is_small,external_surface_property,e,se,visual-form_and_surface,12,5,1229.0,121,ND,0.008,0.01,0.0,0.0,8,S,15,2.71,2559,7.85,7.05,4,3,1,4591.33,23.18,5,12,11,4,36.4,0.375,0.395,80.97,5,24,4,0,5,0,0,0,0,0,2,1
shield,is_large,external_surface_property,e,se,visual-form_and_surface,5,6,1076.0,106,ND,0.009,0.005,0.0,0.0,8,S,10,2.3,2224,7.71,2.85,6,4,1,1066.05,23.22,0,10,9,3,33.3,0.395,0.407,12.81,1,7,3,0,3,0,0,0,0,0,3,1
ship,is_large,external_surface_property,e,se,visual-form_and_surface,17,2,1076.0,106,ND,0.009,0.016,0.0,0.0,8,S,126,4.84,7505,8.92,4.9,4,3,1,1904.97,65.14,8,13,13,5,38.5,0.377,0.397,119.34,6,21,4,1,4,0,0,0,0,0,4,0
skateboard,is_long,external_surface_property,e,se,visual-form_and_surface,7,7,844.0,81,ND,0.012,0.008,0.0,0.0,7,s,1,0.0,80,4.38,4.85,10,7,2,60.26,0.0,0,10,9,1,11.1,0.16,0.153,130.96,8,29,4,1,4,0,0,0,0,0,0,1
skillet,is_round,external_surface_property,e,se,visual-form_and_surface,7,10,823.0,76,ND,0.013,0.009,0.0,0.0,8,s,2,0.69,15,2.71,4.95,7,5,2,357.21,59.28,1,11,10,1,10.0,0.171,0.176,145.38,8,22,3,0,4,0,0,0,0,0,3,1
skirt,is_long,external_surface_property,e,se,visual-form_and_surface,18,2,844.0,81,ND,0.012,0.021,0.0,0.0,7,s,25,3.22,2136,7.67,7.75,5,4,1,375.83,56.7,1,14,12,4,33.3,0.405,0.423,180.84,12,43,2,0,6,2,0,0,0,1,1,2
skunk,is_small,external_surface_property,e,se,visual-form_and_surface,6,12,1229.0,121,ND,0.008,0.005,0.0,0.0,8,s,1,0.0,57,4.04,5.5,5,5,1,893.09,26.27,1,12,11,3,27.3,0.298,0.299,117.98,9,32,0,1,6,2,0,0,1,0,1,1
snail,is_small,external_surface_property,e,se,visual-form_and_surface,10,5,1229.0,121,ND,0.008,0.008,0.0,0.0,8,s,2,0.69,543,6.3,5.4,5,4,1,501.25,21.92,1,9,9,3,33.3,0.402,0.444,101.94,5,33,2,1,3,0,0,0,0,1,2,0
sparrow,is_small,external_surface_property,e,se,visual-form_and_surface,15,6,1229.0,121,ND,0.008,0.012,0.0,0.0,8,s,1,0.0,294,5.68,4.35,7,5,2,321.59,12.34,0,13,11,1,9.1,0.154,0.157,733.51,27,60,0,1,4,0,2,0,0,0,4,2
squirrel,is_small,external_surface_property,e,se,visual-form_and_surface,12,8,1229.0,121,ND,0.008,0.01,0.0,0.0,8,s,1,0.0,396,5.98,7.85,8,6,2,419.05,34.58,0,18,16,2,12.5,0.177,0.192,239.63,16,18,0,5,6,2,0,0,0,0,3,2
starling,is_small,external_surface_property,e,se,visual-form_and_surface,8,7,1229.0,121,ND,0.008,0.007,0.0,0.0,8,s,1,0.0,183,5.21,2.75,8,6,2,1921.27,984.36,7,12,11,0,0.0,0.064,0.045,738.78,28,51,0,3,4,1,1,0,0,0,2,1
stork,is_large,external_surface_property,e,se,visual-form_and_surface,9,12,1076.0,106,ND,0.009,0.008,0.0,0.0,8,s,1,0.0,129,4.86,2.5,5,4,1,1228.56,317.12,5,14,13,3,23.1,0.23,0.238,383.3,11,24,1,3,7,1,0,0,0,0,1,1
strainer,is_round,external_surface_property,e,se,visual-form_and_surface,6,6,823.0,76,ND,0.013,0.007,0.0,0.0,8,s,1,0.0,40,3.69,6.7,8,7,2,1003.15,266.51,1,13,12,6,50.0,0.443,0.409,23.47,1,7,6,0,4,0,0,0,0,0,2,1
strawberry,is_small,external_surface_property,e,se,visual-form_and_surface,6,10,1229.0,121,ND,0.008,0.005,0.0,0.0,8,s,2,0.69,661,6.49,8.45,10,8,3,115.36,0.0,0,17,16,6,37.5,0.36,0.346,190.86,10,22,5,0,2,2,0,2,0,2,3,1
submarine,is_large,external_surface_property,e,se,visual-form_and_surface,11,2,1076.0,106,ND,0.009,0.01,0.0,0.0,8,s,47,3.85,767,6.64,3.05,9,8,3,794.81,121.07,0,13,13,7,53.8,0.49,0.459,0.0,0,0,4,0,4,0,0,0,0,0,5,0
sword,is_long,external_surface_property,e,se,visual-form_and_surface,11,4,844.0,81,ND,0.012,0.013,0.0,0.0,7,s,11,2.4,1887,7.54,2.95,5,3,1,417.54,23.16,3,16,15,4,26.7,0.254,0.249,184.99,11,20,3,0,9,0,0,0,0,1,2,1
tack,is_small,external_surface_property,e,se,visual-form_and_surface,15,2,1229.0,121,ND,0.008,0.012,0.0,0.0,8,t,4,1.39,580,6.36,6.4,4,3,1,2157.01,718.41,15,13,13,3,23.1,0.309,0.294,54.39,4,9,3,0,4,2,0,0,0,1,3,0
tape,is_long,external_surface_property,e,se,visual-form_and_surface,5,8,844.0,81,ND,0.012,0.006,0.0,0.0,7,t,39,3.66,6317,8.75,7.8,4,3,1,639.81,48.13,10,11,11,7,63.6,0.635,0.633,7.66,1,17,2,0,2,2,0,0,0,1,4,0
thimble,is_small,external_surface_property,e,se,visual-form_and_surface,13,5,1229.0,121,ND,0.008,0.011,0.0,0.0,8,T,1,0.0,41,3.71,3.85,7,5,2,624.55,83.86,0,11,11,6,54.5,0.48,0.501,19.06,2,20,4,0,4,1,0,0,0,0,2,0
tiger,is_large,external_surface_property,e,se,visual-form_and_surface,6,21,1076.0,106,ND,0.009,0.006,0.0,0.0,8,t,8,2.08,1324,7.19,3.8,5,5,2,2726.76,56.6,1,24,19,4,21.1,0.224,0.211,231.84,14,13,1,0,8,2,1,0,0,0,7,5
toad,is_small,external_surface_property,e,se,visual-form_and_surface,7,12,1229.0,121,ND,0.008,0.006,0.0,0.0,8,t,4,1.39,468,6.15,4.65,4,3,1,1109.57,122.8,5,23,19,4,21.1,0.259,0.242,340.97,14,13,0,6,5,2,1,0,0,1,4,4
tomato,is_round,external_surface_property,e,se,visual-form_and_surface,20,4,823.0,76,ND,0.013,0.024,30.38,19.99,8,t,7,1.95,1490,7.31,7.75,6,6,3,366.45,13.92,0,13,11,2,18.2,0.188,0.196,176.28,11,31,3,0,2,2,0,0,0,1,3,2
tongs,is_long,external_surface_property,e,se,visual-form_and_surface,6,6,844.0,81,ND,0.012,0.007,0.0,0.0,7,t,2,0.69,180,5.19,6.15,5,4,1,463.51,52.85,4,8,7,2,28.6,0.316,0.311,0.0,0,0,3,0,3,0,0,0,0,0,1,1
tortoise,is_large,external_surface_property,e,se,visual-form_and_surface,5,13,1076.0,106,ND,0.009,0.005,0.0,0.0,8,t,4,1.39,285,5.65,2.4,8,5,2,354.3,63.0,0,14,11,2,18.2,0.247,0.264,154.02,5,14,0,2,4,1,0,0,0,1,3,3
tractor,is_large,external_surface_property,e,se,visual-form_and_surface,13,4,1076.0,106,ND,0.009,0.012,0.0,0.0,8,t,31,3.43,730,6.59,6.0,7,7,2,375.99,104.16,1,13,12,3,25.0,0.218,0.241,25.23,2,6,1,1,5,2,1,0,0,0,2,1
trailer,is_large,external_surface_property,e,se,visual-form_and_surface,6,6,1076.0,106,ND,0.009,0.006,0.0,0.0,8,t,23,3.14,653,6.48,6.15,7,6,2,1206.15,88.24,4,12,12,6,50.0,0.528,0.509,9.92,1,7,6,0,4,0,0,0,0,0,2,0
tricycle,is_small,external_surface_property,e,se,visual-form_and_surface,15,5,1229.0,121,ND,0.008,0.012,0.0,0.0,8,t,1,0.0,57,4.04,6.2,8,7,3,284.22,11.25,0,17,15,2,13.3,0.246,0.244,327.94,19,24,4,1,7,1,0,0,0,0,2,2
truck,is_large,external_surface_property,e,se,visual-form_and_surface,21,2,1076.0,106,ND,0.009,0.02,0.0,0.0,8,t,79,4.37,1867,7.53,7.65,5,4,1,756.54,128.98,4,13,11,2,18.2,0.262,0.25,273.68,14,39,2,0,6,0,0,0,0,1,2,2
tuba,is_large,external_surface_property,e,se,visual-form_and_surface,19,2,1076.0,106,ND,0.009,0.018,0.0,0.0,8,t,1,0.0,65,4.17,3.3,4,4,2,106.65,8.24,3,13,12,0,0.0,0.117,0.094,231.83,12,18,3,0,4,1,3,0,0,1,0,1
tuna,is_large,external_surface_property,e,se,visual-form_and_surface,7,8,1076.0,106,ND,0.009,0.007,8.84,8.84,8,t,1,0.0,357,5.88,5.65,4,4,2,205.32,9.52,1,14,13,2,15.4,0.136,0.122,375.97,14,25,4,1,3,0,0,1,1,0,3,1
turkey,is_large,external_surface_property,e,se,visual-form_and_surface,11,5,1076.0,106,ND,0.009,0.01,0.0,0.0,8,t,10,2.3,2236,7.71,5.5,6,4,2,906.68,215.65,0,18,15,5,33.3,0.368,0.392,119.02,9,20,3,1,3,0,1,0,0,0,7,3
turnip,is_round,external_surface_property,e,se,visual-form_and_surface,5,8,823.0,76,ND,0.013,0.006,0.0,0.0,8,t,1,0.0,174,5.16,4.75,6,5,2,463.78,180.78,0,9,8,0,0.0,0.09,0.114,158.54,10,36,2,0,1,1,0,1,0,1,2,1
turtle,is_small,external_surface_property,e,se,visual-form_and_surface,5,16,1229.0,121,ND,0.008,0.004,0.0,0.0,8,t,9,2.2,447,6.1,5.7,6,4,2,1559.43,462.24,1,18,14,3,21.4,0.221,0.223,165.52,5,9,0,4,5,1,0,0,0,1,3,4
urn,is_round,external_surface_property,e,se,visual-form_and_surface,7,4,823.0,76,ND,0.013,0.009,0.0,0.0,8,03:00,4,1.39,226,5.42,2.6,3,2,1,0.0,0.0,0,7,7,3,42.9,0.317,0.307,0.0,0,0,2,0,2,0,0,0,0,0,3,0
van,is_large,external_surface_property,e,se,visual-form_and_surface,12,5,1076.0,106,ND,0.009,0.011,0.0,0.0,8,v,32,3.47,4655,8.45,8.0,3,3,1,0.0,0.0,10,15,13,3,23.1,0.271,0.263,305.74,15,33,4,0,8,0,0,0,0,0,1,2
vine,is_long,external_surface_property,e,se,visual-form_and_surface,11,4,844.0,81,ND,0.012,0.013,0.0,0.0,7,v,12,2.48,913,6.82,5.0,4,3,1,1471.34,315.7,15,8,7,4,57.1,0.514,0.473,9.74,1,33,2,0,2,1,0,0,0,0,2,1
vulture,is_large,external_surface_property,e,se,visual-form_and_surface,10,8,1076.0,106,ND,0.009,0.009,0.0,0.0,8,v,4,1.39,291,5.67,2.4,7,6,2,468.91,263.34,1,18,15,5,33.3,0.202,0.212,463.18,13,29,0,3,8,0,0,0,0,0,4,3
walnut,is_small,external_surface_property,e,se,visual-form_and_surface,5,10,1229.0,121,ND,0.008,0.004,0.0,0.0,8,w,16,2.77,461,6.13,5.75,6,6,2,414.12,49.52,0,11,9,1,11.1,0.166,0.165,16.21,2,7,3,0,2,1,0,0,0,2,1,2
walrus,is_large,external_surface_property,e,se,visual-form_and_surface,17,2,1076.0,106,ND,0.009,0.016,19.51,8.84,8,w,1,0.0,65,4.17,2.15,6,6,2,459.05,49.44,0,14,12,5,41.7,0.323,0.304,82.74,3,14,1,1,7,1,0,0,0,0,2,2
wasp,is_small,external_surface_property,e,se,visual-form_and_surface,9,6,1229.0,121,ND,0.008,0.007,0.0,0.0,8,w,2,0.69,617,6.42,5.2,4,4,1,1299.5,25.72,6,16,14,4,28.6,0.225,0.196,239.08,9,20,0,2,3,2,1,0,0,0,6,2
whale,is_large,external_surface_property,e,se,visual-form_and_surface,27,1,1076.0,106,ND,0.009,0.025,28.04,17.37,8,w,1,0.0,1339,7.2,3.5,5,3,1,2497.16,115.17,3,12,10,3,30.0,0.343,0.36,114.51,5,24,1,3,2,0,0,0,0,0,4,2
wheel,is_round,external_surface_property,e,se,visual-form_and_surface,28,1,823.0,76,ND,0.013,0.034,0.0,0.0,8,w,77,4.34,4313,8.37,8.2,5,3,1,4260.26,456.58,0,10,10,7,70.0,0.616,0.633,0.0,0,0,1,1,5,0,0,0,0,0,3,0
whistle,is_small,external_surface_property,e,se,visual-form_and_surface,13,4,1229.0,121,ND,0.008,0.011,0.0,0.0,8,w,4,1.39,930,6.84,6.4,7,4,2,421.65,51.59,2,14,14,6,42.9,0.438,0.448,16.56,2,7,6,0,4,0,4,0,0,0,0,0
yacht,is_large,external_surface_property,e,se,visual-form_and_surface,19,2,1076.0,106,ND,0.009,0.018,0.0,0.0,8,j,7,1.95,1426,7.26,3.85,5,3,1,773.06,4.92,0,14,13,7,53.8,0.391,0.348,47.47,3,20,5,0,3,0,0,0,0,0,5,1
zucchini,is_long,external_surface_property,e,se,visual-form_and_surface,12,3,844.0,81,ND,0.012,0.014,0.0,0.0,7,z,1,0.0,1,0.0,5.1,8,6,3,0.0,0.0,0,15,14,4,28.6,0.288,0.271,286.36,8,18,4,0,4,3,0,1,0,0,2,1
